Time,Phi
0.0,0.0
0.005005005005005005,0.025025023456004124
0.01001001001001001,0.05005004186772542
0.015015015015015015,0.07507505028710552
0.02002002002002002,0.1001000430037581
0.025025025025025023,0.12512501696816933
0.03003003003003003,0.15014996645008308
0.035035035035035036,0.17517488605078577
0.04004004004004004,0.20019977037156406
0.04504504504504504,0.22522461401370464
0.050050050050050046,0.2502494115784941
0.055055055055055056,0.2752741576672191
0.06006006006006006,0.3002988468811661
0.06506506506506507,0.3253234738216218
0.07007007007007007,0.3503480330898729
0.07507507507507508,0.3753725192872058
0.08008008008008008,0.4003969270284359
0.08508508508508508,0.4254212519431747
0.09009009009009009,0.4504454894578413
0.09509509509509509,0.47546963443180323
0.10010010010010009,0.5004936817244274
0.10510510510510511,0.5255176261950815
0.11011011011011011,0.5505414627031324
0.11511511511511512,0.5755651861079475
0.12012012012012012,0.6005887912688941
0.12512512512512514,0.6256122730453395
0.13013013013013014,0.6506356262966508
0.13513513513513514,0.6756588458821954
0.14014014014014015,0.7006819266613405
0.14514514514514515,0.7257048634995436
0.15015015015015015,0.7507276512656937
0.15515515515515516,0.7757502848214252
0.16016016016016016,0.8007727590283327
0.16516516516516516,0.8257950687480107
0.17017017017017017,0.8508172088420536
0.17517517517517517,0.8758391741720564
0.18018018018018017,0.9008609595996133
0.18518518518518517,0.9258825599863193
0.19019019019019018,0.9509039701937687
0.19519519519519518,0.9759251850835565
0.20020020020020018,1.0009461995172768
0.20520520520520522,1.0259670085715733
0.21021021021021022,1.0509876066429171
0.21521521521521522,1.076007988886368
0.22022022022022023,1.1010281501641597
0.22522522522522523,1.1260480853388135
0.23023023023023023,1.1510677892731394
0.23523523523523523,1.1760872568302352
0.24024024024024024,1.2011064828734865
0.24524524524524524,1.2261254622665685
0.2502502502502503,1.251144189873443
0.2552552552552553,1.2761626605583607
0.2602602602602603,1.30118086918586
0.2652652652652653,1.3261988106346223
0.2702702702702703,1.3512164798518846
0.2752752752752753,1.3762338717211635
0.2802802802802803,1.4012509811137295
0.2852852852852853,1.426267802901231
0.2902902902902903,1.4512843319556972
0.2952952952952953,1.476300563149537
0.3003003003003003,1.501316491355539
0.3053053053053053,1.526332111446872
0.3103103103103103,1.551347418297084
0.3153153153153153,1.5763624067801028
0.3203203203203203,1.6013770717702362
0.3253253253253253,1.6263914081421729
0.3303303303303303,1.6514054107709795
0.3353353353353353,1.6764190745321035
0.34034034034034033,1.7014323943013716
0.34534534534534533,1.7264453649549913
0.35035035035035034,1.7514579813695497
0.35535535535535534,1.7764702384220123
0.36036036036036034,1.8014821309897258
0.36536536536536535,1.826493653950417
0.37037037037037035,1.8515048021821916
0.37537537537537535,1.8765155705635346
0.38038038038038036,1.901525953973312
0.38538538538538536,1.92653594729077
0.39039039039039036,1.9515455453955328
0.39539539539539537,1.9765547431676054
0.40040040040040037,2.0015635354873735
0.40540540540540543,2.026571917235601
0.41041041041041043,2.051579883293433
0.41541541541541543,2.076587428542392
0.42042042042042044,2.1015945478643845
0.42542542542542544,2.126601236141693
0.43043043043043044,2.151607488256981
0.43543543543543545,2.176613299093292
0.44044044044044045,2.2016186635340502
0.44544544544544545,2.2266235764630578
0.45045045045045046,2.251628032764498
0.45545545545545546,2.276632027322934
0.46046046046046046,2.3016355550233074
0.46546546546546547,2.3266386107509405
0.47047047047047047,2.3516411893915365
0.4754754754754755,2.376643285831177
0.4804804804804805,2.401644894956323
0.4854854854854855,2.426646011653817
0.4904904904904905,2.4516466308108793
0.4954954954954955,2.476646747315112
0.5005005005005005,2.5016463560544966
0.5055055055055055,2.526645451917392
0.5105105105105106,2.5516440297925405
0.5155155155155156,2.5766420845690616
0.5205205205205206,2.601639611136456
0.5255255255255256,2.6266366043846037
0.5305305305305306,2.651633059203764
0.5355355355355356,2.676628970484577
0.5405405405405406,2.7016243331180627
0.5455455455455456,2.72661914199562
0.5505505505505506,2.751613392009027
0.5555555555555556,2.7766070780504433
0.5605605605605606,2.8016001950923646
0.5655655655655656,2.8265927383179066
0.5705705705705706,2.851584702664255
0.5755755755755756,2.876576083045243
0.5805805805805806,2.901566874375416
0.5855855855855856,2.926557071570028
0.5905905905905906,2.9515466695450416
0.5955955955955956,2.9765356632171334
0.6006006006006006,3.0015240475036875
0.6056056056056056,3.0265118173228007
0.6106106106106106,3.051498967593276
0.6156156156156156,3.07648549323463
0.6206206206206206,3.1014713891670884
0.6256256256256256,3.1264566503115865
0.6306306306306306,3.15144127158977
0.6356356356356356,3.1764252479239965
0.6406406406406406,3.201408574237331
0.6456456456456456,3.2263912454535504
0.6506506506506506,3.251373256497142
0.6556556556556556,3.276354602293302
0.6606606606606606,3.3013352777679374
0.6656656656656657,3.3263152778476655
0.6706706706706707,3.3512945974598147
0.6756756756756757,3.3762732315324224
0.6806806806806807,3.401251174994236
0.6856856856856857,3.426228422774712
0.6906906906906907,3.4512049698040212
0.6956956956956957,3.4761808110130406
0.7007007007007007,3.501155941333359
0.7057057057057057,3.5261303556972745
0.7107107107107107,3.5511040490377974
0.7157157157157157,3.5760770162886457
0.7207207207207207,3.6010492523842488
0.7257257257257257,3.626020752259746
0.7307307307307307,3.6509915108509876
0.7357357357357357,3.6759615230945326
0.7407407407407407,3.7009307839276517
0.7457457457457457,3.7258992882883253
0.7507507507507507,3.7508670311152423
0.7557557557557557,3.775834007347805
0.7607607607607607,3.8008002119261226
0.7657657657657657,3.8257656397910167
0.7707707707707707,3.850730285884019
0.7757757757757757,3.87569414514737
0.7807807807807807,3.9006572125240204
0.7857857857857857,3.9256194829576336
0.7907907907907907,3.95058095139258
0.7957957957957957,3.975541612773943
0.8008008008008007,4.000501462047513
0.8058058058058059,4.025460494159793
0.8108108108108109,4.050418704057996
0.8158158158158159,4.075376086690046
0.8208208208208209,4.1003326370045725
0.8258258258258259,4.125288349950921
0.8308308308308309,4.150243220479143
0.8358358358358359,4.175197243540005
0.8408408408408409,4.200150414084978
0.8458458458458459,4.225102727066247
0.8508508508508509,4.250054177436705
0.8558558558558559,4.275004760313666
0.8608608608608609,4.2999544710296025
0.8658658658658659,4.3249033045804
0.8708708708708709,4.349851255950039
0.8758758758758759,4.374798320123674
0.8808808808808809,4.399744492087631
0.8858858858858859,4.424689766829407
0.8908908908908909,4.449634139337673
0.8958958958958959,4.4745776046022705
0.9009009009009009,4.499520157614215
0.9059059059059059,4.524461793365693
0.9109109109109109,4.549402506850059
0.9159159159159159,4.574342293061852
0.9209209209209209,4.599281146996766
0.9259259259259259,4.624219063651684
0.9309309309309309,4.649156038024648
0.9359359359359359,4.67409206511488
0.9409409409409409,4.699027139922769
0.9459459459459459,4.723961257449883
0.950950950950951,4.748894412698953
0.955955955955956,4.773826600673892
0.960960960960961,4.7987578163797755
0.965965965965966,4.823688054822859
0.970970970970971,4.848617311010567
0.975975975975976,4.873545579951495
0.980980980980981,4.898472856655411
0.985985985985986,4.923399136133258
0.990990990990991,4.948324413397149
0.995995995995996,4.973248683460367
1.001001001001001,4.998171941337373
1.006006006006006,5.023094182043794
1.011011011011011,5.048015400596432
1.016016016016016,5.072935592013262
1.021021021021021,5.097854751313428
1.026026026026026,5.122772873517252
1.031031031031031,5.14768995364622
1.0360360360360361,5.1726059867229965
1.0410410410410411,5.197520967771418
1.0460460460460461,5.222434891816488
1.0510510510510511,5.2473477538843865
1.0560560560560561,5.272259549002467
1.0610610610610611,5.29717027219925
1.0660660660660661,5.322079918504432
1.0710710710710711,5.3469884829488805
1.0760760760760761,5.371895960564635
1.0810810810810811,5.396802346384908
1.0860860860860861,5.421707635444084
1.0910910910910911,5.446611822777718
1.0960960960960962,5.4715149034225385
1.1011011011011012,5.496416872416447
1.1061061061061062,5.521317724798514
1.1111111111111112,5.546217455608987
1.1161161161161162,5.571116059889284
1.1211211211211212,5.596013532681988
1.1261261261261262,5.620909869030867
1.1311311311311312,5.645805063980851
1.1361361361361362,5.670699112578047
1.1411411411411412,5.695592009869731
1.1461461461461462,5.7204837509043545
1.1511511511511512,5.7453743309561265
1.1561561561561562,5.770263745405271
1.1611611611611612,5.795151989333505
1.1661661661661662,5.820039057822141
1.1711711711711712,5.844924945954129
1.1761761761761762,5.869809648814047
1.1811811811811812,5.894693161488107
1.1861861861861862,5.919575479064151
1.1911911911911912,5.944456596631658
1.1961961961961962,5.969336509281731
1.2012012012012012,5.994215212107114
1.2062062062062062,6.019092700202172
1.2112112112112112,6.043968968662916
1.2162162162162162,6.068844012586975
1.2212212212212212,6.093717827073619
1.2262262262262262,6.118590407223748
1.2312312312312312,6.1434617481398925
1.2362362362362362,6.168331844926214
1.2412412412412412,6.193200692688509
1.2462462462462462,6.218068286534206
1.2512512512512513,6.242934621572362
1.2562562562562563,6.267799692913669
1.2612612612612613,6.292663495670448
1.2662662662662663,6.317526024956658
1.2712712712712713,6.3423872758878845
1.2762762762762763,6.367247243581344
1.2812812812812813,6.392105923155891
1.2862862862862863,6.416963309732006
1.2912912912912913,6.4418193984318055
1.2962962962962963,6.466674184379036
1.3013013013013013,6.491527662699075
1.3063063063063063,6.516379828518935
1.3113113113113113,6.541230676967258
1.3163163163163163,6.566080203174319
1.3213213213213213,6.590928402272025
1.3263263263263263,6.6157752693939145
1.3313313313313313,6.640620799675157
1.3363363363363363,6.665464988252558
1.3413413413413413,6.69030783026455
1.3463463463463463,6.715149320851201
1.3513513513513513,6.739989455154208
1.3563563563563563,6.764828228316904
1.3613613613613613,6.789665635484248
1.3663663663663663,6.814501671802837
1.3713713713713713,6.839336332420898
1.3763763763763763,6.864169612488288
1.3813813813813813,6.8890015071564985
1.3863863863863863,6.91383201157865
1.3913913913913913,6.938661120909501
1.3963963963963963,6.963488830305433
1.4014014014014013,6.988315134924468
1.4064064064064064,7.013140029926253
1.4114114114114114,7.037963510472074
1.4164164164164164,7.062785571724844
1.4214214214214214,7.087606208849109
1.4264264264264264,7.112425417011046
1.4314314314314314,7.1372431913784675
1.4364364364364364,7.162059527120814
1.4414414414414414,7.186874419409726
1.4464464464464464,7.2116878637039274
1.4514514514514514,7.236499855434776
1.4564564564564564,7.261310389805222
1.4614614614614614,7.286119462020293
1.4664664664664664,7.310927067287093
1.4714714714714714,7.335733200814805
1.4764764764764764,7.360537857814693
1.4814814814814814,7.3853410335000955
1.4864864864864864,7.410142723086435
1.4914914914914914,7.434942921791204
1.4964964964964964,7.459741624833984
1.5015015015015014,7.484538827436428
1.5065065065065064,7.50933452482227
1.5115115115115114,7.534128712217321
1.5165165165165164,7.558921384849471
1.5215215215215214,7.583712537948689
1.5265265265265264,7.608502166747026
1.5315315315315314,7.633290266478603
1.5365365365365364,7.6580768323796296
1.5415415415415414,7.682861859688383
1.5465465465465464,7.70764534364523
1.5515515515515514,7.732427279492608
1.5565565565565564,7.757207662475039
1.5615615615615615,7.7819864878391165
1.5665665665665665,7.80676375083352
1.5715715715715715,7.831539446709001
1.5765765765765765,7.856313570718393
1.5815815815815815,7.881086118116608
1.5865865865865865,7.905857084160635
1.5915915915915915,7.930626464109543
1.5965965965965965,7.9553942532244815
1.6016016016016015,7.9801604467686715
1.6066066066066067,8.004925040007421
1.6116116116116117,8.029688028208112
1.6166166166166167,8.054449406640206
1.6216216216216217,8.07920917057524
1.6266266266266267,8.103967315286834
1.6316316316316317,8.128723836050684
1.6366366366366367,8.153478728144568
1.6416416416416417,8.178231986848337
1.6466466466466467,8.202983607443926
1.6516516516516517,8.227733585215343
1.6566566566566567,8.252481915448678
1.6616616616616617,8.277228593432103
1.6666666666666667,8.30197361445586
1.6716716716716717,8.326716973812276
1.6766766766766767,8.351458666795756
1.6816816816816818,8.376198688702779
1.6866866866866868,8.400937034831909
1.6916916916916918,8.425673700483781
1.6966966966966968,8.450408680961118
1.7017017017017018,8.475141971568712
1.7067067067067068,8.49987356761344
1.7117117117117118,8.524603464404256
1.7167167167167168,8.549331657252191
1.7217217217217218,8.574058141470356
1.7267267267267268,8.598782912373936
1.7317317317317318,8.623505965280206
1.7367367367367368,8.648227295518407
1.7417417417417418,8.672946898806499
1.7467467467467468,8.697664770692512
1.7517517517517518,8.722380906527803
1.7567567567567568,8.747095301666148
1.7617617617617618,8.771807951463755
1.7667667667667668,8.796518851279266
1.7717717717717718,8.821227996473752
1.7767767767767768,8.84593538241071
1.7817817817817818,8.870641004456074
1.7867867867867868,8.895344857978198
1.7917917917917918,8.920046938347879
1.7967967967967968,8.944747240938334
1.8018018018018018,8.969445761125215
1.8068068068068068,8.994142494286601
1.8118118118118118,9.018837435803006
1.8168168168168168,9.043530581057366
1.8218218218218218,9.068221925435058
1.8268268268268268,9.09291146432388
1.8318318318318318,9.117599193114062
1.8368368368368369,9.14228510719827
1.8418418418418419,9.166969201971591
1.8468468468468469,9.19165147283155
1.8518518518518519,9.216331915178097
1.8568568568568569,9.241010524413616
1.8618618618618619,9.265687295942916
1.8668668668668669,9.290362225173242
1.8718718718718719,9.315035307514265
1.8768768768768769,9.339706538378088
1.8818818818818819,9.364375913179243
1.8868868868868869,9.389043427334695
1.8918918918918919,9.413709076263833
1.896896896896897,9.438372855388485
1.901901901901902,9.4630347601329
1.906906906906907,9.487694785923761
1.911911911911912,9.512352928190184
1.916916916916917,9.537009182363711
1.921921921921922,9.561663543878318
1.926926926926927,9.586316008170405
1.931931931931932,9.610966570678809
1.936936936936937,9.635615226844793
1.941941941941942,9.660261972112048
1.946946946946947,9.684906801926704
1.951951951951952,9.709549711737312
1.956956956956957,9.734190696994855
1.961961961961962,9.758829753152751
1.966966966966967,9.783466875666841
1.971971971971972,9.808102059995406
1.976976976976977,9.832735301599145
1.981981981981982,9.857366595941196
1.986986986986987,9.881995938487123
1.991991991991992,9.906623324704922
1.996996996996997,9.931248750065018
2.002002002002002,9.955872210040269
2.007007007007007,9.980493700105958
2.012012012012012,10.005113215739799
2.017017017017017,10.029730752421942
2.022022022022022,10.054346305634963
2.027027027027027,10.078959870863864
2.032032032032032,10.103571443596087
2.037037037037037,10.128181019321493
2.042042042042042,10.152788593532385
2.047047047047047,10.177394161723484
2.052052052052052,10.201997719391947
2.057057057057057,10.226599262037368
2.062062062062062,10.251198785161757
2.067067067067067,10.27579628426956
2.0720720720720722,10.30039175486766
2.0770770770770772,10.32498519246536
2.0820820820820822,10.349576592574405
2.0870870870870872,10.374165950708955
2.0920920920920922,10.398753262385608
2.0970970970970972,10.423338523262942
2.1021021021021022,10.447921729510076
2.1071071071071072,10.472502876763171
2.1121121121121122,10.497081960584897
2.1171171171171173,10.521658976540838
2.1221221221221223,10.546233920199521
2.1271271271271273,10.570806787132378
2.1321321321321323,10.595377572913776
2.1371371371371373,10.619946273120998
2.1421421421421423,10.644512883334258
2.1471471471471473,10.669077399136686
2.1521521521521523,10.69363981611434
2.1571571571571573,10.718200129856198
2.1621621621621623,10.742758335954168
2.1671671671671673,10.767314430003076
2.1721721721721723,10.791868407600669
2.1771771771771773,10.816420264347625
2.1821821821821823,10.840969995847539
2.1871871871871873,10.865517597706935
2.1921921921921923,10.890063065535257
2.1971971971971973,10.914606394944872
2.2022022022022023,10.939147581551069
2.2072072072072073,10.963686620972071
2.2122122122122123,10.988223508829007
2.2172172172172173,11.012758240745946
2.2222222222222223,11.03729081234987
2.2272272272272273,11.061821219270687
2.2322322322322323,11.086349457141234
2.2372372372372373,11.110875521597261
2.2422422422422423,11.135399408277452
2.2472472472472473,11.159921112823408
2.2522522522522523,11.184440630879655
2.2572572572572573,11.208957958093643
2.2622622622622623,11.233473090115746
2.2672672672672673,11.25798602259926
2.2722722722722724,11.282496751200405
2.2772772772772774,11.307005271578324
2.2822822822822824,11.331511579395086
2.2872872872872874,11.356015670315681
2.2922922922922924,11.380517540008022
2.2972972972972974,11.405017184142947
2.3023023023023024,11.429514598394219
2.3073073073073074,11.454009778438518
2.3123123123123124,11.478502719955458
2.3173173173173174,11.502993418627568
2.3223223223223224,11.5274818701403
2.3273273273273274,11.551968070182033
2.3323323323323324,11.576452014444072
2.3373373373373374,11.60093369862064
2.3423423423423424,11.625413118408888
2.3473473473473474,11.649890269508887
2.3523523523523524,11.674365147623632
2.3573573573573574,11.698837748459042
2.3623623623623624,11.723308067723964
2.3673673673673674,11.747776101130158
2.3723723723723724,11.772241844392319
2.3773773773773774,11.796705293228055
2.3823823823823824,11.821166443357907
2.3873873873873874,11.845625290505332
2.3923923923923924,11.87008183039672
2.3973973973973974,11.894536058761364
2.4024024024024024,11.91898797133151
2.4074074074074074,11.943437563842304
2.4124124124124124,11.967884832031825
2.4174174174174174,11.992329771641074
2.4224224224224224,12.016772378413975
2.4274274274274275,12.041212648097378
2.4324324324324325,12.065650576441051
2.4374374374374375,12.09008615919769
2.4424424424424425,12.114519392122915
2.4474474474474475,12.138950270975267
2.4524524524524525,12.163378791516209
2.4574574574574575,12.187804949840848
2.4624624624624625,12.212228742115093
2.4674674674674675,12.236650164139586
2.4724724724724725,12.261069211717874
2.4774774774774775,12.285485880656843
2.4824824824824825,12.309900166766703
2.4874874874874875,12.334312065860997
2.4924924924924925,12.358721573756608
2.4974974974974975,12.383128686273754
2.5025025025025025,12.40753339923598
2.5075075075075075,12.431935708470165
2.5125125125125125,12.456335609806532
2.5175175175175175,12.480733099078627
2.5225225225225225,12.50512817212333
2.5275275275275275,12.52952082478086
2.5325325325325325,12.553911052894767
2.5375375375375375,12.578298852311937
2.5425425425425425,12.602684218882585
2.5475475475475475,12.627067148460263
2.5525525525525525,12.651447636901858
2.5575575575575575,12.67582568006759
2.5625625625625625,12.700201273821008
2.5675675675675675,12.724574414028998
2.5725725725725725,12.748945096561782
2.5775775775775776,12.773313317292914
2.5825825825825826,12.797679072099282
2.5875875875875876,12.822042356861106
2.5925925925925926,12.846403167461938
2.5975975975975976,12.87076149978867
2.6026026026026026,12.895117349731525
2.6076076076076076,12.91947071318406
2.6126126126126126,12.943821586043157
2.6176176176176176,12.968169964209046
2.6226226226226226,12.992515843585283
2.6276276276276276,13.016859220078757
2.6326326326326326,13.041200089599695
2.6376376376376376,13.065538448061652
2.6426426426426426,13.089874291381525
2.6476476476476476,13.114207615479533
2.6526526526526526,13.13853841627924
2.6576576576576576,13.162866689707537
2.6626626626626626,13.187192431694648
2.6676676676676676,13.211515638174138
2.6726726726726726,13.2358363050829
2.6776776776776776,13.26015442836116
2.6826826826826826,13.284470003952482
2.6876876876876876,13.308783027803758
2.6926926926926926,13.333093495865219
2.6976976976976976,13.357401404090428
2.7027027027027026,13.381706748436278
2.7077077077077076,13.406009524863002
2.7127127127127126,13.430309729334164
2.7177177177177176,13.454607357816661
2.7227227227227226,13.478902406280723
2.7277277277277276,13.503194870699913
2.7327327327327327,13.527484747051133
2.7377377377377377,13.551772031314613
2.7427427427427427,13.576056719473922
2.7477477477477477,13.600338807515957
2.7527527527527527,13.624618291430947
2.7577577577577577,13.64889516721247
2.7627627627627627,13.673169430857413
2.7677677677677677,13.697441078366023
2.7727727727727727,13.721710105741861
2.7777777777777777,13.74597650899183
2.7827827827827827,13.770240284126167
2.7877877877877877,13.794501427158439
2.7927927927927927,13.81875993410555
2.7977977977977977,13.843015800987738
2.8028028028028027,13.867269023828571
2.8078078078078077,13.891519598654954
2.8128128128128127,13.915767521535917
2.8178178178178177,13.94001278895822
2.8228228228228227,13.964255397109184
2.8278278278278277,13.988495342055161
2.8328328328328327,14.012732619866195
2.8378378378378377,14.03696722661601
2.8428428428428427,14.061199158382024
2.8478478478478477,14.085428411245347
2.8528528528528527,14.109654981290772
2.8578578578578577,14.133878864606784
2.8628628628628627,14.15810005728556
2.8678678678678677,14.182318555422963
2.8728728728728727,14.206534355118544
2.8778778778778777,14.230747452475544
2.8828828828828827,14.254957843600895
2.8878878878878878,14.279165524605217
2.8928928928928928,14.303370491602822
2.8978978978978978,14.327572740711704
2.9029029029029028,14.351772268053551
2.9079079079079078,14.37596906975374
2.9129129129129128,14.40016314194134
2.9179179179179178,14.4243544807491
2.9229229229229228,14.448543082313469
2.9279279279279278,14.472728942774575
2.932932932932933,14.496912058276244
2.937937937937938,14.521092424965987
2.942942942942943,14.545270038995005
2.947947947947948,14.569444896518181
2.952952952952953,14.593616993694102
2.957957957957958,14.617786326685033
2.962962962962963,14.641952891656933
2.967967967967968,14.666116684779444
2.972972972972973,14.690277702225902
2.977977977977978,14.714435940173333
2.982982982982983,14.73859139480245
2.987987987987988,14.762744062297656
2.992992992992993,14.786893938847044
2.997997997997998,14.81104102064239
3.003003003003003,14.835185303879168
3.008008008008008,14.859326784756536
3.013013013013013,14.883465459477346
3.018018018018018,14.907601324248128
3.023023023023023,14.931734375279115
3.028028028028028,14.955864608784221
3.033033033033033,14.979992020981047
3.038038038038038,15.004116608090891
3.043043043043043,15.028238366338735
3.048048048048048,15.052357291953255
3.053053053053053,15.076473381166807
3.058058058058058,15.10058663021544
3.063063063063063,15.124697035338901
3.068068068068068,15.14880459278061
3.073073073073073,15.172909298787694
3.078078078078078,15.197011149610953
3.083083083083083,15.221110141504886
3.088088088088088,15.245206270727678
3.093093093093093,15.269299533541204
3.098098098098098,15.293389926211027
3.103103103103103,15.317477445006398
3.108108108108108,15.34156208620026
3.113113113113113,15.365643846069245
3.118118118118118,15.389722720893674
3.123123123123123,15.41379870695755
3.128128128128128,15.437871800548582
3.133133133133133,15.461941997958148
3.138138138138138,15.486009295481326
3.143143143143143,15.510073689416885
3.148148148148148,15.534135176067277
3.153153153153153,15.558193751738651
3.158158158158158,15.582249412740836
3.163163163163163,15.606302155387352
3.168168168168168,15.630351975995415
3.173173173173173,15.654398810316504
3.178178178178178,15.678442780618953
3.183183183183183,15.702483818161113
3.188188188188188,15.72652191930633
3.193193193193193,15.75055708042165
3.198198198198198,15.77458929787782
3.203203203203203,15.798618568049305
3.2082082082082084,15.822644887314267
3.2132132132132134,15.846668252054599
3.2182182182182184,15.870688658655899
3.2232232232232234,15.894706103507513
3.2282282282282284,15.918720583002491
3.2332332332332334,15.94273209353763
3.2382382382382384,15.96674063151347
3.2432432432432434,15.990746193334271
3.2482482482482484,16.01474877540806
3.2532532532532534,16.038748374146596
3.2582582582582584,16.06274498596541
3.2632632632632634,16.08673860728377
3.2682682682682684,16.11072923452472
3.2732732732732734,16.134716864115063
3.2782782782782784,16.158701492485374
3.2832832832832834,16.182683116070002
3.2882882882882885,16.206661731307072
3.2932932932932935,16.230637334638494
3.2982982982982985,16.25460992250996
3.3033033033033035,16.278579491370955
3.3083083083083085,16.30254603767475
3.3133133133133135,16.32650955787844
3.3183183183183185,16.350470048442883
3.3233233233233235,16.374427505832777
3.3283283283283285,16.39838192651661
3.3333333333333335,16.4223333069667
3.3383383383383385,16.446281643659166
3.3433433433433435,16.470226933073963
3.3483483483483485,16.494169171694875
3.3533533533533535,16.518108356009503
3.3583583583583585,16.542044482509294
3.3633633633633635,16.56597754768953
3.3683683683683685,16.589907548049336
3.3733733733733735,16.613834480091686
3.3783783783783785,16.63775834032341
3.3833833833833835,16.661679125255176
3.3883883883883885,16.685596831401526
3.3933933933933935,16.709511455280868
3.3983983983983985,16.73342299341547
3.4034034034034035,16.757331442331473
3.4084084084084085,16.78123679855889
3.4134134134134135,16.805139058631624
3.4184184184184185,16.829038219087447
3.4234234234234235,16.852934276468037
3.4284284284284285,16.876827227318955
3.4334334334334335,16.90071706818965
3.4384384384384385,16.924603795633484
3.4434434434434436,16.948487406207715
3.4484484484484486,16.972367896473518
3.4534534534534536,16.99624526299597
3.4584584584584586,17.020119502344066
3.4634634634634636,17.043990611090734
3.4684684684684686,17.067858585812814
3.4734734734734736,17.09172342309107
3.4784784784784786,17.11558511951022
3.4834834834834836,17.1394436716589
3.4884884884884886,17.163299076129693
3.4934934934934936,17.187151329519125
3.4984984984984986,17.211000428427674
3.5035035035035036,17.234846369459767
3.5085085085085086,17.2586891492238
3.5135135135135136,17.282528764332117
3.5185185185185186,17.30636521140103
3.5235235235235236,17.330198487050822
3.5285285285285286,17.354028587909102
3.5335335335335336,17.377855510819316
3.5385385385385386,17.40167925255264
3.5435435435435436,17.42549980975973
3.5485485485485486,17.449317179095495
3.5535535535535536,17.473131357219103
3.5585585585585586,17.496942340793982
3.5635635635635636,17.520750126487837
3.5685685685685686,17.54455471097263
3.5735735735735736,17.568356090924627
3.5785785785785786,17.59215426302437
3.5835835835835836,17.61594922395669
3.5885885885885886,17.639740970410735
3.5935935935935936,17.66352949907993
3.5985985985985987,17.687314806662048
3.6036036036036037,17.711096889859142
3.6086086086086087,17.73487574537761
3.6136136136136137,17.75865136992818
3.6186186186186187,17.78242376022591
3.6236236236236237,17.806192912990195
3.6286286286286287,17.829958824944786
3.6336336336336337,17.85372149281778
3.6386386386386387,17.87748091334164
3.6436436436436437,17.90123708325319
3.6486486486486487,17.924989999293633
3.6536536536536537,17.94873965820853
3.6586586586586587,17.972486056747847
3.6636636636636637,17.996229191665932
3.6686686686686687,18.01996905972153
3.6736736736736737,18.043705657677776
3.6786786786786787,18.067438982302228
3.6836836836836837,18.091169030366846
3.6886886886886887,18.11489579864802
3.6936936936936937,18.138619283926555
3.6986986986986987,18.162339482987694
3.7037037037037037,18.18605639262111
3.7087087087087087,18.209770009620936
3.7137137137137137,18.233480330785735
3.7187187187187187,18.257187352918532
3.7237237237237237,18.28089107282682
3.7287287287287287,18.304591487322547
3.7337337337337337,18.328288593222155
3.7387387387387387,18.35198238734654
3.7437437437437437,18.3756728665211
3.7487487487487487,18.39936002757572
3.7537537537537538,18.423043867344784
3.7587587587587588,18.44672438266718
3.7637637637637638,18.470401570386297
3.7687687687687688,18.49407542735005
3.7737737737737738,18.517745950410873
3.7787787787787788,18.54141313642572
3.7837837837837838,18.565076982256087
3.7887887887887888,18.588737484768014
3.793793793793794,18.612394640832065
3.798798798798799,18.63604844732338
3.803803803803804,18.65969890112164
3.808808808808809,18.683345999111097
3.813813813813814,18.706989738180578
3.818818818818819,18.73063011522347
3.823823823823824,18.75426712713775
3.828828828828829,18.777900770825987
3.833833833833834,18.80153104319534
3.838838838838839,18.825157941157556
3.843843843843844,18.84878146162901
3.848848848848849,18.87240160153066
3.853853853853854,18.896018357788115
3.858858858858859,18.91963172733158
3.863863863863864,18.943241707095904
3.868868868868869,18.966848294020565
3.873873873873874,18.990451485049682
3.878878878878879,19.014051277132026
3.883883883883884,19.037647667221023
3.888888888888889,19.061240652274748
3.893893893893894,19.08483022925595
3.898898898898899,19.108416395132053
3.903903903903904,19.13199914687515
3.908908908908909,19.15557848146202
3.913913913913914,19.17915439587413
3.918918918918919,19.202726887097644
3.923923923923924,19.226295952123436
3.928928928928929,19.249861587947073
3.933933933933934,19.273423791568845
3.938938938938939,19.296982559993758
3.943943943943944,19.32053789023154
3.948948948948949,19.344089779296667
3.953953953953954,19.36763822420832
3.958958958958959,19.391183221990463
3.963963963963964,19.414724769671782
3.968968968968969,19.438262864285722
3.973973973973974,19.461797502870503
3.978978978978979,19.485328682348747
3.983983983983984,19.508856399608153
3.988988988988989,19.53238065168931
3.993993993993994,19.555901435637917
3.998998998998999,19.579418748504256
4.004004004004004,19.602932587343204
4.009009009009009,19.62644294921422
4.014014014014014,19.649949831181363
4.019019019019019,19.673453230313292
4.024024024024024,19.696953143683277
4.029029029029029,19.720449568369194
4.034034034034034,19.743942501453535
4.039039039039039,19.7674319400234
4.044044044044044,19.790917881170532
4.049049049049049,19.814400321991286
4.054054054054054,19.83787925958666
4.059059059059059,19.86135469106228
4.064064064064064,19.884826613528418
4.069069069069069,19.908295024099996
4.074074074074074,19.93175991989657
4.079079079079079,19.955221298042375
4.084084084084084,19.978679155666285
4.089089089089089,20.002133489901848
4.094094094094094,20.025584297887278
4.099099099099099,20.04903157676546
4.104104104104104,20.072475323683953
4.109109109109109,20.095915535795008
4.114114114114114,20.119352210255556
4.119119119119119,20.142785344227217
4.124124124124124,20.166214934876304
4.129129129129129,20.189640979373838
4.134134134134134,20.213063474895538
4.1391391391391394,20.236482418621833
4.1441441441441444,20.25989780773786
4.1491491491491495,20.283309639433487
4.1541541541541545,20.306717910903288
4.1591591591591595,20.330122619346575
4.1641641641641645,20.35352376196738
4.1691691691691695,20.376921335974483
4.1741741741741745,20.400315338581397
4.1791791791791795,20.42370576700637
4.1841841841841845,20.44709261847243
4.1891891891891895,20.470475890207318
4.1941941941941945,20.493855579443558
4.1991991991991995,20.51723168341843
4.2042042042042045,20.54060419937398
4.2092092092092095,20.563973124557027
4.2142142142142145,20.587338456219165
4.2192192192192195,20.61070019161676
4.2242242242242245,20.634058328010987
4.2292292292292295,20.657412862667776
4.2342342342342345,20.680763792857878
4.2392392392392395,20.704111115856833
4.2442442442442445,20.727454828944975
4.2492492492492495,20.75079492940746
4.2542542542542545,20.77413141453424
4.2592592592592595,20.797464281620094
4.2642642642642645,20.82079352796462
4.2692692692692695,20.844119150872245
4.2742742742742745,20.867441147652208
4.2792792792792795,20.890759515618605
4.2842842842842845,20.91407425209035
4.2892892892892895,20.937385354391214
4.2942942942942945,20.96069281984981
4.2992992992992995,20.9839966457996
4.3043043043043046,21.00729682957891
4.3093093093093096,21.030593368530916
4.314314314314315,21.053886260003665
4.31931931931932,21.077175501350084
4.324324324324325,21.100461089927943
4.32932932932933,21.123743023099934
4.334334334334335,21.147021298233604
4.33933933933934,21.170295912701388
4.344344344344345,21.19356686388062
4.34934934934935,21.216834149153527
4.354354354354355,21.240097765907247
4.35935935935936,21.263357711533807
4.364364364364365,21.286613983430158
4.36936936936937,21.309866578998157
4.374374374374375,21.33311549564458
4.37937937937938,21.35636073078114
4.384384384384385,21.37960228182446
4.38938938938939,21.4028401461961
4.394394394394395,21.426074321322567
4.3993993993994,21.449304804635293
4.404404404404405,21.47253159357068
4.40940940940941,21.49575468557004
4.414414414414415,21.51897407807969
4.41941941941942,21.542189768550866
4.424424424424425,21.565401754284782
4.42942942942943,21.588610032331957
4.434434434434435,21.61181460011477
4.43943943943944,21.635015455080023
4.444444444444445,21.658212594679075
4.44944944944945,21.68140601636782
4.454454454454455,21.704595717606708
4.45945945945946,21.727781695860735
4.464464464464465,21.750963948599434
4.46946946946947,21.77414247329692
4.474474474474475,21.797317267431822
4.47947947947948,21.820488328487347
4.484484484484485,21.843655653951245
4.48948948948949,21.866819241315834
4.494494494494495,21.889979088077975
4.4994994994995,21.9131351917391
4.504504504504505,21.93628754980519
4.50950950950951,21.959436159786794
4.514514514514515,21.982581019199017
4.51951951951952,22.005722125561537
4.524524524524525,22.02885947639859
4.52952952952953,22.051993069238982
4.534534534534535,22.075122901616073
4.53953953953954,22.098248971067814
4.544544544544545,22.12137127513671
4.54954954954955,22.14448981136984
4.554554554554555,22.167604577318862
4.55955955955956,22.190715570539997
4.564564564564565,22.213822788594047
4.56956956956957,22.236926229046396
4.574574574574575,22.26002588946699
4.57957957957958,22.283121767430377
4.584584584584585,22.306213860515662
4.58958958958959,22.329302166306533
4.594594594594595,22.35238668239128
4.5995995995996,22.375467406362773
4.604604604604605,22.398544335818443
4.60960960960961,22.421617468360328
4.614614614614615,22.44468680159505
4.61961961961962,22.467752333133827
4.624624624624625,22.49081406059246
4.62962962962963,22.51387198159133
4.634634634634635,22.536926093755433
4.63963963963964,22.559976394714347
4.644644644644645,22.58302288210224
4.64964964964965,22.606065553557897
4.654654654654655,22.62910440672468
4.65965965965966,22.65213943925055
4.664664664664665,22.675170648788093
4.66966966966967,22.698198032994473
4.674674674674675,22.72122158953146
4.67967967967968,22.744241316065438
4.684684684684685,22.767257210267392
4.68968968968969,22.79026926981291
4.694694694694695,22.813277492382188
4.6996996996997,22.83628187566005
4.704704704704705,22.859282417335898
4.70970970970971,22.88227911510377
4.714714714714715,22.905271966662312
4.71971971971972,22.928260969714785
4.724724724724725,22.951246121969064
4.72972972972973,22.974227421137634
4.734734734734735,22.99720486493761
4.73973973973974,23.020178451090732
4.744744744744745,23.043148177323335
4.74974974974975,23.0661140413664
4.754754754754755,23.089076040955522
4.75975975975976,23.112034173830928
4.764764764764765,23.134988437737462
4.76976976976977,23.157938830424595
4.774774774774775,23.180885349646438
4.77977977977978,23.203827993161713
4.784784784784785,23.2267667587338
4.78978978978979,23.249701644130685
4.794794794794795,23.272632647125
4.7997997997998,23.29555976549401
4.804804804804805,23.31848299701962
4.80980980980981,23.341402339488365
4.814814814814815,23.364317790691427
4.81981981981982,23.387229348424622
4.824824824824825,23.41013701048841
4.82982982982983,23.433040774687882
4.834834834834835,23.455940638832807
4.83983983983984,23.478836600737555
4.844844844844845,23.50172865822117
4.84984984984985,23.524616809107343
4.854854854854855,23.5475010512244
4.85985985985986,23.57038138240533
4.864864864864865,23.593257800487763
4.86986986986987,23.61613030328692
4.874874874874875,23.638998888503593
4.87987987987988,23.661863553960846
4.884884884884885,23.684724297506836
4.88988988988989,23.707581116994245
4.894894894894895,23.730434010280263
4.8998998998999,23.753282975226593
4.904904904904905,23.77612800969946
4.90990990990991,23.798969111569583
4.914914914914915,23.82180627871221
4.91991991991992,23.8446395090071
4.924924924924925,23.867468800338518
4.92992992992993,23.89029415059525
4.934934934934935,23.91311555767059
4.93993993993994,23.935933019462354
4.944944944944945,23.958746533872873
4.94994994994995,23.981556098808976
4.954954954954955,24.004361712182032
4.95995995995996,24.027163371907907
4.964964964964965,24.049961075906985
4.96996996996997,24.072754822104173
4.974974974974975,24.09554460842888
4.97997997997998,24.118330432815057
4.984984984984985,24.141112293201136
4.98998998998999,24.16389018753009
4.994994994994995,24.186664113749405
5.0,24.209434069811074
