Time,Theta
0.0,40.0
0.005005005005005005,40.00000268056051
0.01001001001001001,40.000010722240894
0.015015015015015015,40.000024125038465
0.02002002002002002,40.00004288894593
0.025025025025025023,40.00006701393477
0.03003003003003003,40.000096499987265
0.035035035035035036,40.00013134709288
0.04004004004004004,40.00017155524107
0.04504504504504504,40.000217124421305
0.050050050050050046,40.00026805462306
0.055055055055055056,40.00032434583579
0.06006006006006006,40.00038599804896
0.06506506506506507,40.00045301125204
0.07007007007007007,40.00052538543449
0.07507507507507508,40.00060312058579
0.08008008008008008,40.00068621669425
0.08508508508508508,40.00077467366251
0.09009009009009009,40.00086849141038
0.09509509509509509,40.00096766990555
0.10010010010010009,40.001072209115684
0.10510510510510511,40.00118210900846
0.11011011011011011,40.00129736955155
0.11511511511511512,40.00141799071264
0.12012012012012012,40.00154397245941
0.12512512512512514,40.001675314759524
0.13013013013013014,40.00181201758066
0.13513513513513514,40.001954080890506
0.14014014014014015,40.002101504656736
0.14514514514514515,40.00225428877956
0.15015015015015015,40.00241243312119
0.15515515515515516,40.0025759376242
0.16016016016016016,40.002744802231604
0.16516516516516516,40.002919026886396
0.17017017017017017,40.003098611531584
0.17517517517517517,40.00328355611018
0.18018018018018017,40.00347386056519
0.18518518518518517,40.00366952483961
0.19019019019019018,40.003870548876456
0.19519519519519518,40.00407693261874
0.20020020020020018,40.00428867600945
0.20520520520520522,40.004505777478045
0.21021021021021022,40.00472824024118
0.21521521521521522,40.004956062176355
0.22022022022022023,40.00518924322212
0.22522522522522523,40.005427783314936
0.23023023023023023,40.00567168238926
0.23523523523523523,40.005920940377514
0.24024024024024024,40.00617555721011
0.24524524524524524,40.0064355328154
0.2502502502502503,40.00670086711974
0.2552552552552553,40.00697156004744
0.2602602602602603,40.00724761152077
0.2652652652652653,40.007529021424006
0.2702702702702703,40.007815789462
0.2752752752752753,40.0081079155039
0.2802802802802803,40.00840539944938
0.2852852852852853,40.00870824119584
0.2902902902902903,40.00901644063845
0.2952952952952953,40.00932999767007
0.3003003003003003,40.00964891218132
0.3053053053053053,40.009973184060556
0.3103103103103103,40.01030281319384
0.3153153153153153,40.010637799464995
0.3203203203203203,40.01097814275558
0.3253253253253253,40.01132384294487
0.3303303303303303,40.011674899909885
0.3353353353353353,40.012031313525355
0.34034034034034033,40.012393083663795
0.34534534534534533,40.01276021019539
0.35035035035035034,40.01313269298811
0.35535535535535534,40.01351053190763
0.36036036036036034,40.01389372681737
0.36536536536536535,40.014282277578495
0.37037037037037035,40.01467618404987
0.37537537537537535,40.01507544608812
0.38038038038038036,40.01548006354759
0.38538538538538536,40.01589003628038
0.39039039039039036,40.01630536413631
0.39539539539539537,40.01672604696292
0.40040040040040037,40.01715208460551
0.40540540540540543,40.01758347690709
0.41041041041041043,40.01802022370842
0.41541541541541543,40.018462324847995
0.42042042042042044,40.01890978016202
0.42542542542542544,40.019362589484466
0.43043043043043044,40.01982075264701
0.43543543543543545,40.02028426947908
0.44044044044044045,40.02075313980782
0.44544544544544545,40.02122736345815
0.45045045045045046,40.02170694025267
0.45545545545545546,40.022191870011746
0.46046046046046046,40.02268215255345
0.46546546546546547,40.02317778769363
0.47047047047047047,40.02367877524585
0.4754754754754755,40.024185115021375
0.4804804804804805,40.02469680682925
0.4854854854854855,40.02521385047623
0.4904904904904905,40.025736245766794
0.4954954954954955,40.02626399250318
0.5005005005005005,40.02679709048537
0.5055055055055055,40.027335539511014
0.5105105105105106,40.02787933937557
0.5155155155155156,40.0284284898722
0.5205205205205206,40.028982990791775
0.5255255255255256,40.02954284192295
0.5305305305305306,40.030108043052074
0.5355355355355356,40.030678593963245
0.5405405405405406,40.031254494438286
0.5455455455455456,40.031835744256774
0.5505505505505506,40.03242234319599
0.5555555555555556,40.03301429103099
0.5605605605605606,40.033611587551356
0.5655655655655656,40.03421423258875
0.5705705705705706,40.034822225920664
0.5755755755755756,40.03543556731729
0.5805805805805806,40.03605425654666
0.5855855855855856,40.03667829337459
0.5905905905905906,40.0373076775647
0.5955955955955956,40.037942408878415
0.6006006006006006,40.03858248707496
0.6056056056056056,40.03922791191138
0.6106106106106106,40.0398786831425
0.6156156156156156,40.04053480052096
0.6206206206206206,40.0411962637972
0.6256256256256256,40.041863072719465
0.6306306306306306,40.04253522703382
0.6356356356356356,40.04321272648409
0.6406406406406406,40.04389557081196
0.6456456456456456,40.044583759756854
0.6506506506506506,40.045277293056074
0.6556556556556556,40.045976170444646
0.6606606606606606,40.046680391655464
0.6656656656656657,40.047389956419195
0.6706706706706707,40.04810486446431
0.6756756756756757,40.04882511551708
0.6806806806806807,40.0495507093016
0.6856856856856857,40.05028164553975
0.6906906906906907,40.051017923951214
0.6956956956956957,40.05175954425349
0.7007007007007007,40.05250650616186
0.7057057057057057,40.05325880938943
0.7107107107107107,40.054016453647115
0.7157157157157157,40.05477943864361
0.7207207207207207,40.0555477640854
0.7257257257257257,40.05632142967682
0.7307307307307307,40.057100435119985
0.7357357357357357,40.057884780114804
0.7407407407407407,40.058674464359
0.7457457457457457,40.0594694875481
0.7507507507507507,40.06026984937543
0.7557557557557557,40.06107554953212
0.7607607607607607,40.06188658770709
0.7657657657657657,40.06270296358711
0.7707707707707707,40.063524676856694
0.7757757757757757,40.0643517271982
0.7807807807807807,40.06518411429176
0.7857857857857857,40.066021837815335
0.7907907907907907,40.066864897444674
0.7957957957957957,40.06771329285334
0.8008008008008007,40.06856702371269
0.8058058058058059,40.06942608969188
0.8108108108108109,40.070290490457886
0.8158158158158159,40.071160225675484
0.8208208208208209,40.07203529500723
0.8258258258258259,40.07291569811352
0.8308308308308309,40.073801434652516
0.8358358358358359,40.074692504280215
0.8408408408408409,40.07558890665039
0.8458458458458459,40.076490641414644
0.8508508508508509,40.07739770822236
0.8558558558558559,40.07831010679327
0.8608608608608609,40.07922783693995
0.8658658658658659,40.08015089832328
0.8708708708708709,40.081079290596406
0.8758758758758759,40.08201301341044
0.8808808808808809,40.082952066414535
0.8858858858858859,40.08389644925583
0.8908908908908909,40.08484616157947
0.8958958958958959,40.08580120302862
0.9009009009009009,40.08676157324447
0.9059059059059059,40.08772727186618
0.9109109109109109,40.08869829853093
0.9159159159159159,40.08967465287393
0.9209209209209209,40.09065633452837
0.9259259259259259,40.09164334312546
0.9309309309309309,40.09263567829442
0.9359359359359359,40.093633339662475
0.9409409409409409,40.094636326854875
0.9459459459459459,40.095644639494836
0.950950950950951,40.0966582772036
0.955955955955956,40.097677239600465
0.960960960960961,40.09870152630267
0.965965965965966,40.09973113692549
0.970970970970971,40.100766071082205
0.975975975975976,40.101806328384114
0.980980980980981,40.102851908440506
0.985985985985986,40.103902810858685
0.990990990990991,40.10495903524397
0.995995995995996,40.10602058119968
1.001001001001001,40.10708744832714
1.006006006006006,40.1081596362257
1.011011011011011,40.10923714449269
1.016016016016016,40.110319972723474
1.021021021021021,40.1114081205114
1.026026026026026,40.11250158744786
1.031031031031031,40.1136003731222
1.0360360360360361,40.11470447712184
1.0410410410410411,40.11581389903215
1.0460460460460461,40.116928638436534
1.0510510510510511,40.118048694916396
1.0560560560560561,40.11917406805117
1.0610610610610611,40.120304757418275
1.0660660660660661,40.121440762593124
1.0710710710710711,40.12258208314919
1.0760760760760761,40.1237287186579
1.0810810810810811,40.12488066868871
1.0860860860860861,40.12603793280911
1.0910910910910911,40.12720051058454
1.0960960960960962,40.1283684015785
1.1011011011011012,40.12954160535247
1.1061061061061062,40.13072012146595
1.1111111111111112,40.131903949476445
1.1161161161161162,40.133093088939475
1.1211211211211212,40.13428753940855
1.1261261261261262,40.1354873004352
1.1311311311311312,40.136692371568955
1.1361361361361362,40.137902752357384
1.1411411411411412,40.13911844234601
1.1461461461461462,40.140339441078424
1.1511511511511512,40.141565748114765
1.1561561561561562,40.14279736302191
1.1611611611611612,40.1440342853399
1.1661661661661662,40.14527651460667
1.1711711711711712,40.14652405035818
1.1761761761761762,40.147776892128455
1.1811811811811812,40.149035039449565
1.1861861861861862,40.1502984918516
1.1911911911911912,40.15156724886275
1.1961961961961962,40.15284131000917
1.2012012012012012,40.15412067481516
1.2062062062062062,40.15540534280298
1.2112112112112112,40.15669531349298
1.2162162162162162,40.15799058640355
1.2212212212212212,40.159291161051115
1.2262262262262262,40.160597036950165
1.2312312312312312,40.161908213613216
1.2362362362362362,40.16322469055084
1.2412412412412412,40.164546467271656
1.2462462462462462,40.16587354328232
1.2512512512512513,40.167205918087554
1.2562562562562563,40.1685435911901
1.2612612612612613,40.169886562090774
1.2662662662662663,40.171234830288405
1.2712712712712713,40.1725883952799
1.2762762762762763,40.17394725656019
1.2812812812812813,40.175311413622275
1.2862862862862863,40.17668086595717
1.2912912912912913,40.17805561305394
1.2962962962962963,40.17943565439975
1.3013013013013013,40.180820989479734
1.3063063063063063,40.18221161777712
1.3113113113113113,40.183607538773174
1.3163163163163163,40.185008751947194
1.3213213213213213,40.186415256776534
1.3263263263263263,40.187827052736615
1.3313313313313313,40.189244139300854
1.3363363363363363,40.190666515940755
1.3413413413413413,40.192094182125864
1.3463463463463463,40.19352713732375
1.3513513513513513,40.19496538100005
1.3563563563563563,40.196408912618445
1.3613613613613613,40.19785773164065
1.3663663663663663,40.19931183752644
1.3713713713713713,40.20077122973362
1.3763763763763763,40.20223590771806
1.3813813813813813,40.20370587093366
1.3863863863863863,40.20518111883238
1.3913913913913913,40.206661650864206
1.3963963963963963,40.20814746647719
1.4014014014014013,40.20963856511743
1.4064064064064064,40.21113494622906
1.4114114114114114,40.21263660925425
1.4164164164164164,40.21414355363323
1.4214214214214214,40.21565577880429
1.4264264264264264,40.21717328420374
1.4314314314314314,40.21869606926595
1.4364364364364364,40.220224133423336
1.4414414414414414,40.221757476106426
1.4464464464464464,40.223296096775734
1.4514514514514514,40.224839994886594
1.4564564564564564,40.22638916986663
1.4614614614614614,40.227943621141534
1.4664664664664664,40.22950334813515
1.4714714714714714,40.231068350269354
1.4764764764764764,40.23263862696417
1.4814814814814814,40.23421417763768
1.4864864864864864,40.23579500170609
1.4914914914914914,40.23738109858368
1.4964964964964964,40.23897246768284
1.5015015015015014,40.24056910841406
1.5065065065065064,40.242171020185914
1.5115115115115114,40.24377820240507
1.5165165165165164,40.2453906544763
1.5215215215215214,40.24700837580248
1.5265265265265264,40.24863136578457
1.5315315315315314,40.25025962382161
1.5365365365365364,40.25189314931078
1.5415415415415414,40.253531941647324
1.5465465465465464,40.25517600022459
1.5515515515515514,40.256825324434
1.5565565565565564,40.25847991366512
1.5615615615615615,40.26013976730557
1.5665665665665665,40.26180488474109
1.5715715715715715,40.2634752653555
1.5765765765765765,40.26515090853072
1.5815815815815815,40.26683181364678
1.5865865865865865,40.268517980081796
1.5915915915915915,40.27020940721197
1.5965965965965965,40.27190609441161
1.6016016016016015,40.27360804105313
1.6066066066066067,40.27531524650701
1.6116116116116117,40.27702771014187
1.6166166166166167,40.27874543132439
1.6216216216216217,40.28046840941935
1.6266266266266267,40.282196643789646
1.6316316316316317,40.28393013379624
1.6366366366366367,40.28566887879823
1.6416416416416417,40.287412878152786
1.6466466466466467,40.28916213121516
1.6516516516516517,40.290916637338725
1.6566566566566567,40.292676395874935
1.6616616616616617,40.29444140617336
1.6666666666666667,40.29621166758164
1.6716716716716717,40.29798717944553
1.6766766766766767,40.29976794110887
1.6816816816816818,40.3015539519136
1.6866866866866868,40.30334521119976
1.6916916916916918,40.30514171830548
1.6966966966966968,40.306943472566985
1.7017017017017018,40.308750473318604
1.7067067067067068,40.310562719892765
1.7117117117117118,40.312380211619974
1.7167167167167168,40.314202947828846
1.7217217217217218,40.31603092784609
1.7267267267267268,40.31786415099652
1.7317317317317318,40.31970261660302
1.7367367367367368,40.321546323988045
1.7417417417417418,40.32339527252905
1.7467467467467468,40.32524946157624
1.7517517517517518,40.32710889044871
1.7567567567567568,40.32897355846368
1.7617617617617618,40.330843464936514
1.7667667667667668,40.33271860918073
1.7717717717717718,40.33459899050801
1.7767767767767768,40.336484608228155
1.7817817817817818,40.33837546164914
1.7867867867867868,40.34027155007707
1.7917917917917918,40.34217287281621
1.7967967967967968,40.34407942916896
1.8018018018018018,40.34599121843586
1.8068068068068068,40.34790823991564
1.8118118118118118,40.34983049290513
1.8168168168168168,40.351757976699346
1.8218218218218218,40.35369069059142
1.8268268268268268,40.35562863387264
1.8318318318318318,40.357571805832464
1.8368368368368369,40.359520205758464
1.8418418418418419,40.36147383293639
1.8468468468468469,40.36343268665012
1.8518518518518519,40.36539676618169
1.8568568568568569,40.36736607081127
1.8618618618618619,40.3693405998172
1.8668668668668669,40.371320352475955
1.8718718718718719,40.373305328062145
1.8768768768768769,40.37529552584855
1.8818818818818819,40.3772909451061
1.8868868868868869,40.37929158510384
1.8918918918918919,40.381297445109006
1.896896896896897,40.38330852438695
1.901901901901902,40.38532482220117
1.906906906906907,40.38734633781334
1.911911911911912,40.389373070483266
1.916916916916917,40.3914050194689
1.921921921921922,40.39344218402634
1.926926926926927,40.39548456340983
1.931931931931932,40.39753215687177
1.936936936936937,40.39958496366271
1.941941941941942,40.401642983031344
1.946946946946947,40.4037062142245
1.951951951951952,40.40577465648718
1.956956956956957,40.40784830906251
1.961961961961962,40.409927171191775
1.966966966966967,40.4120112421144
1.971971971971972,40.414100521067994
1.976976976976977,40.41619500728825
1.981981981981982,40.41829470000905
1.986986986986987,40.42039959846243
1.991991991991992,40.42250970187855
1.996996996996997,40.42462500948572
2.002002002002002,40.42674552051043
2.007007007007007,40.42887123417727
2.012012012012012,40.431002149709016
2.017017017017017,40.43313826632657
2.022022022022022,40.43527958324899
2.027027027027027,40.43742609969348
2.032032032032032,40.4395778148754
2.037037037037037,40.441734728008235
2.042042042042042,40.44389683830365
2.047047047047047,40.44606414497143
2.052052052052052,40.44823664721953
2.057057057057057,40.45041434425402
2.062062062062062,40.452597235279164
2.067067067067067,40.45478531949733
2.0720720720720722,40.45697859610907
2.0770770770770772,40.45917706431305
2.0820820820820822,40.46138072330612
2.0870870870870872,40.46358957228324
2.0920920920920922,40.46580361043753
2.0970970970970972,40.4680228369854
2.1021021021021022,40.470247251232756
2.1071071071071072,40.47247685238738
2.1121121121121122,40.47471163964151
2.1171171171171173,40.476951612185665
2.1221221221221223,40.479196769208556
2.1271271271271273,40.48144710989716
2.1321321321321323,40.483702633436664
2.1371371371371373,40.485963339010524
2.1421421421421423,40.48822922580041
2.1471471471471473,40.49050029298623
2.1521521521521523,40.492776539746146
2.1571571571571573,40.49505796525653
2.1621621621621623,40.49734456869201
2.1671671671671673,40.49963634922544
2.1721721721721723,40.501933306027915
2.1771771771771773,40.50423543826878
2.1821821821821823,40.50654274511558
2.1871871871871873,40.508855225734145
2.1921921921921923,40.5111728792885
2.1971971971971973,40.51349570494092
2.2022022022022023,40.51582370185193
2.2072072072072073,40.518156869180274
2.2122122122122123,40.52049520608295
2.2172172172172173,40.52283871171516
2.2222222222222223,40.525187385230396
2.2272272272272273,40.527541225780325
2.2322322322322323,40.5299002325149
2.2372372372372373,40.53226440458227
2.2422422422422423,40.53463374112887
2.2472472472472473,40.537008241299326
2.2522522522522523,40.53938790423652
2.2572572572572573,40.54177272908157
2.2622622622622623,40.54416271497382
2.2672672672672673,40.54655786105088
2.2722722722722724,40.54895816644855
2.2772772772772774,40.55136363030091
2.2822822822822824,40.553774251740265
2.2872872872872874,40.556190029897124
2.2922922922922924,40.558610963900286
2.2972972972972974,40.56103705287674
2.3023023023023024,40.563468295951736
2.3073073073073074,40.56590469224877
2.3123123123123124,40.56834624088955
2.3173173173173174,40.57079294099402
2.3223223223223224,40.57324479168038
2.3273273273273274,40.57570179206507
2.3323323323323324,40.57816394126274
2.3373373373373374,40.58063123838629
2.3423423423423424,40.583103682546856
2.3473473473473474,40.58558127285383
2.3523523523523524,40.588064008414804
2.3573573573573574,40.59055188833563
2.3623623623623624,40.5930449117204
2.3673673673673674,40.595543077671415
2.3723723723723724,40.59804638528925
2.3773773773773774,40.60055483367269
2.3823823823823824,40.60306842191877
2.3873873873873874,40.60558714912275
2.3923923923923924,40.60811101437813
2.3973973973973974,40.610640016776664
2.4024024024024024,40.61317415540832
2.4074074074074074,40.6157134293613
2.4124124124124124,40.61825783772207
2.4174174174174174,40.620807379575304
2.4224224224224224,40.62336205400393
2.4274274274274275,40.62592186008911
2.4324324324324325,40.62848679691022
2.4374374374374375,40.631056863544906
2.4424424424424425,40.63363205906904
2.4474474474474475,40.63621238255673
2.4524524524524525,40.638797833080304
2.4574574574574575,40.64138840979099
2.4624624624624625,40.64398411185482
2.4674674674674675,40.64658493834626
2.4724724724724725,40.64919088833799
2.4774774774774775,40.65180196090107
2.4824824824824825,40.654418155104864
2.4874874874874875,40.65703947001707
2.4924924924924925,40.65966590470372
2.4974974974974975,40.66229745822923
2.5025025025025025,40.6649341296563
2.5075075075075075,40.667575918045976
2.5125125125125125,40.67022282245766
2.5175175175175175,40.67287484194907
2.5225225225225225,40.67553197557628
2.5275275275275275,40.678194222393685
2.5325325325325325,40.68086158145401
2.5375375375375375,40.68353405180835
2.5425425425425425,40.68621163250611
2.5475475475475475,40.68889432259502
2.5525525525525525,40.69158212112118
2.5575575575575575,40.694275027129
2.5625625625625625,40.69697303966125
2.5675675675675675,40.69967615775901
2.5725725725725725,40.70238438046171
2.5775775775775776,40.70509770680712
2.5825825825825826,40.707816135831344
2.5875875875875876,40.71053966656883
2.5925925925925926,40.71326829805233
2.5975975975975976,40.71600202931297
2.6026026026026026,40.718740859380205
2.6076076076076076,40.72148478728181
2.6126126126126126,40.72423381204391
2.6176176176176176,40.72698793269097
2.6226226226226226,40.72974714824578
2.6276276276276276,40.732511457729466
2.6326326326326326,40.73528086016151
2.6376376376376376,40.738055354559705
2.6426426426426426,40.74083493994021
2.6476476476476476,40.74361961531747
2.6526526526526526,40.74640937970434
2.6576576576576576,40.749204232111936
2.6626626626626626,40.752004171549764
2.6676676676676676,40.754809197025665
2.6726726726726726,40.75761930754577
2.6776776776776776,40.76043450211458
2.6826826826826826,40.76325477973495
2.6876876876876876,40.76608013940804
2.6926926926926926,40.768910580133344
2.6976976976976976,40.77174610090872
2.7027027027027026,40.77458670073036
2.7077077077077076,40.77743237859276
2.7127127127127126,40.78028313348878
2.7177177177177176,40.783138964409616
2.7227227227227226,40.785999870344796
2.7277277277277276,40.78886585028217
2.7327327327327327,40.79173690320795
2.7377377377377377,40.794613028106674
2.7427427427427427,40.7974942239612
2.7477477477477477,40.800380489752754
2.7527527527527527,40.803271824460886
2.7577577577577577,40.80616822706346
2.7627627627627627,40.80906969653671
2.7677677677677677,40.81197623185519
2.7727727727727727,40.8148878319918
2.7777777777777777,40.81780449591774
2.7827827827827827,40.8207262226026
2.7877877877877877,40.823653011014294
2.7927927927927927,40.82658486011904
2.7977977977977977,40.82952176888142
2.8028028028028027,40.83246373626434
2.8078078078078077,40.835410761229056
2.8128128128128127,40.83836284274735
2.8178178178178177,40.84131997991966
2.8228228228228227,40.84428217174954
2.8278278278278277,40.84724941719978
2.8328328328328327,40.85022171523166
2.8378378378378377,40.85319906480487
2.8428428428428427,40.85618146487755
2.8478478478478477,40.859168914406325
2.8528528528528527,40.86216141234623
2.8578578578578577,40.86515895765076
2.8628628628628627,40.86816154927185
2.8678678678678677,40.87116918615992
2.8728728728728727,40.87418186726379
2.8778778778778777,40.877199591530754
2.8828828828828827,40.880222357906554
2.8878878878878878,40.88325016533536
2.8928928928928928,40.88628301275984
2.8978978978978978,40.88932089912104
2.9029029029029028,40.892363823358515
2.9079079079079078,40.89541178441024
2.9129129129129128,40.89846478121264
2.9179179179179178,40.90152281270059
2.9229229229229228,40.90458587780742
2.9279279279279278,40.907653975464896
2.932932932932933,40.910727104603254
2.937937937937938,40.913805264151144
2.942942942942943,40.9168884530357
2.947947947947948,40.919976670182486
2.952952952952953,40.923069914515494
2.957957957957958,40.926168184957234
2.962962962962963,40.92927148042857
2.967967967967968,40.93237979984889
2.972972972972973,40.93549314213599
2.977977977977978,40.938611506206136
2.982982982982983,40.94173489097403
2.987987987987988,40.94486329535282
2.992992992992993,40.94799671825411
2.997997997997998,40.95113515858796
3.003003003003003,40.95427861526285
3.008008008008008,40.95742708718574
3.013013013013013,40.960580573262014
3.018018018018018,40.96373907239553
3.023023023023023,40.966902583488576
3.028028028028028,40.97007110544188
3.033033033033033,40.97324463715465
3.038038038038038,40.9764231775245
3.043043043043043,40.97960672544754
3.048048048048048,40.98279527981829
3.053053053053053,40.985988839529725
3.058058058058058,40.98918740347328
3.063063063063063,40.99239097053884
3.068068068068068,40.99559953961473
3.073073073073073,40.99881310958773
3.078078078078078,41.00203167934305
3.083083083083083,41.00525524776436
3.088088088088088,41.008483813733804
3.093093093093093,41.011717376131934
3.098098098098098,41.014955933837776
3.103103103103103,41.01819948572877
3.108108108108108,41.02144803068085
3.113113113113113,41.02470156756839
3.118118118118118,41.027960095264184
3.123123123123123,41.031223612639494
3.128128128128128,41.03449211856402
3.133133133133133,41.03776561190593
3.138138138138138,41.04104409153182
3.143143143143143,41.04432755630675
3.148148148148148,41.047616005094206
3.153153153153153,41.05090943675615
3.158158158158158,41.05420785015297
3.163163163163163,41.05751124414353
3.168168168168168,41.06081961758509
3.173173173173173,41.06413294425601
3.178178178178178,41.06745127515465
3.183183183183183,41.07077458219292
3.188188188188188,41.074102864234895
3.193193193193193,41.0774361201431
3.198198198198198,41.08077434877852
3.203203203203203,41.08411754900059
3.2082082082082084,41.08746571966723
3.2132132132132134,41.09081885963477
3.2182182182182184,41.094176967758074
3.2232232232232234,41.09754004289039
3.2282282282282284,41.100908083883475
3.2332332332332334,41.104281089587566
3.2382382382382384,41.107659058851326
3.2432432432432434,41.11104199052191
3.2482482482482484,41.11442988344494
3.2532532532532534,41.11782273646453
3.2582582582582584,41.121220548423246
3.2632632632632634,41.12462331816213
3.2682682682682684,41.128031044520725
3.2732732732732734,41.131443726337025
3.2782782782782784,41.13486136244752
3.2832832832832834,41.138283951687214
3.2882882882882885,41.14171149288953
3.2932932932932935,41.145143984886424
3.2982982982982985,41.148581426508336
3.3033033033033035,41.15202381658419
3.3083083083083085,41.15547115394139
3.3133133133133135,41.15892343740586
3.3183183183183185,41.16238066580199
3.3233233233233235,41.1658428379527
3.3283283283283285,41.16930995267936
3.3333333333333335,41.17278200880191
3.3383383383383385,41.176259005138725
3.3433433433433435,41.17974094050672
3.3483483483483485,41.183227813721295
3.3533533533533535,41.186719623596375
3.3583583583583585,41.1902163689444
3.3633633633633635,41.19371804857629
3.3683683683683685,41.1972246613015
3.3733733733733735,41.200736205927996
3.3783783783783785,41.20425268126225
3.3833833833833835,41.20777408610926
3.3883883883883885,41.21130041927255
3.3933933933933935,41.21483167955414
3.3983983983983985,41.2183678657546
3.4034034034034035,41.221908976673
3.4084084084084085,41.22545501110696
3.4134134134134135,41.2290059678526
3.4184184184184185,41.232561845704595
3.4234234234234235,41.236122643456135
3.4284284284284285,41.23968835989894
3.4334334334334335,41.243258993823275
3.4384384384384385,41.24683454401794
3.4434434434434436,41.25041500927026
3.4484484484484486,41.254000388366116
3.4534534534534536,41.25759068008991
3.4584584584584586,41.26118588322461
3.4634634634634636,41.2647859965517
3.4684684684684686,41.26839101885124
3.4734734734734736,41.27200094890183
3.4784784784784786,41.27561578548059
3.4834834834834836,41.27923552736322
3.4884884884884886,41.282860173323975
3.4934934934934936,41.28648972213564
3.4984984984984986,41.290124172569584
3.5035035035035036,41.293763523395725
3.5085085085085086,41.297407773382524
3.5135135135135136,41.30105692129703
3.5185185185185186,41.30471096590482
3.5235235235235236,41.30836990597007
3.5285285285285286,41.312033740257455
3.5335335335335336,41.31570246765411
3.5385385385385386,41.31937608700114
3.5435435435435436,41.323054597065436
3.5485485485485486,41.326737996612586
3.5535535535535536,41.330426284406975
3.5585585585585586,41.33411945921164
3.5635635635635636,41.33781751978841
3.5685685685685686,41.341520464897826
3.5735735735735736,41.345228293299165
3.5785785785785786,41.348941003750454
3.5835835835835836,41.35265859500848
3.5885885885885886,41.356381065828735
3.5935935935935936,41.36010841496552
3.5985985985985987,41.36384064117184
3.6036036036036037,41.3675777431995
3.6086086086086087,41.37131971979902
3.6136136136136137,41.37506656971972
3.6186186186186187,41.378818291709656
3.6236236236236237,41.38257488451567
3.6286286286286287,41.38633634688337
3.6336336336336337,41.39010267755715
3.6386386386386387,41.39387387528015
3.6436436436436437,41.39764993879431
3.6486486486486487,41.401430866840364
3.6536536536536537,41.405216658157784
3.6586586586586587,41.4090073114849
3.6636636636636637,41.41280282555877
3.6686686686686687,41.41660319911529
3.6736736736736737,41.420408430889104
3.6786786786786787,41.4242185196137
3.6836836836836837,41.42803346402135
3.6886886886886887,41.43185326284312
3.6936936936936937,41.435677914808906
3.6986986986986987,41.4395074186474
3.7037037037037037,41.443341773086104
3.7087087087087087,41.447180976851335
3.7137137137137137,41.45102502866826
3.7187187187187187,41.45487392726081
3.7237237237237237,41.4587276713518
3.7287287287287287,41.462586259662814
3.7337337337337337,41.46644969091432
3.7387387387387387,41.47031796382558
3.7437437437437437,41.47419107711472
3.7487487487487487,41.478069029498684
3.7537537537537538,41.48195181969326
3.7587587587587588,41.48583944641308
3.7637637637637638,41.48973190837164
3.7687687687687688,41.49362920428126
3.7737737737737738,41.49753133285312
3.7787787787787788,41.501438292797275
3.7837837837837838,41.50535008282261
3.7887887887887888,41.50926670163689
3.793793793793794,41.51318814794673
3.798798798798799,41.51711442045761
3.803803803803804,41.5210455178739
3.808808808808809,41.524981438898834
3.813813813813814,41.528922182234496
3.818818818818819,41.532867746581886
3.823823823823824,41.53681813064085
3.828828828828829,41.54077333311015
3.833833833833834,41.54473335268741
3.838838838838839,41.54869818806914
3.843843843843844,41.55266783795077
3.848848848848849,41.5566423010266
3.853853853853854,41.560621575989835
3.858858858858859,41.56460566153256
3.863863863863864,41.568594556345815
3.868868868868869,41.57258825911949
3.873873873873874,41.576586768542406
3.878878878878879,41.580590083302305
3.883883883883884,41.584598202085836
3.888888888888889,41.588611123578545
3.893893893893894,41.59262884646494
3.898898898898899,41.596651369428415
3.903903903903904,41.600678691151295
3.908908908908909,41.60471081031486
3.913913913913914,41.60874772559929
3.918918918918919,41.6127894356837
3.923923923923924,41.61683593924617
3.928928928928929,41.620887234963696
3.933933933933934,41.62494332151221
3.938938938938939,41.62900419756662
3.943943943943944,41.63306986180076
3.948948948948949,41.637140312887404
3.953953953953954,41.64121554949831
3.958958958958959,41.645295570304164
3.963963963963964,41.64938037397462
3.968968968968969,41.65346995917832
3.973973973973974,41.657564324582815
3.978978978978979,41.66166346885076
3.983983983983984,41.66576739064245
3.988988988988989,41.66987608862199
3.993993993993994,41.673989561452466
3.998998998998999,41.678107807795946
4.004004004004004,41.68223082631348
4.009009009009009,41.68635861566507
4.014014014014014,41.69049117450973
4.019019019019019,41.694628501505434
4.024024024024024,41.698770595309135
4.029029029029029,41.70291745457682
4.034034034034034,41.7070690779634
4.039039039039039,41.711225464122855
4.044044044044044,41.71538661170809
4.049049049049049,41.71955251937106
4.054054054054054,41.7237231857627
4.059059059059059,41.727898609532964
4.064064064064064,41.7320787893308
4.069069069069069,41.73626372380417
4.074074074074074,41.74045341160006
4.079079079079079,41.74464785136446
4.084084084084084,41.74884704174238
4.089089089089089,41.75305098137787
4.094094094094094,41.75725966891398
4.099099099099099,41.761473102992795
4.104104104104104,41.76569128225545
4.109109109109109,41.769914205342076
4.114114114114114,41.77414187089187
4.119119119119119,41.77837427754305
4.124124124124124,41.782611423932885
4.129129129129129,41.7868533086977
4.134134134134134,41.79109993047283
4.1391391391391394,41.79535128789269
4.1441441441441444,41.799607379590746
4.1491491491491495,41.8038682041995
4.1541541541541545,41.808133760350536
4.1591591591591595,41.81240404667448
4.1641641641641645,41.81667906180103
4.1691691691691695,41.82095880435894
4.1741741741741745,41.825243272976046
4.1791791791791795,41.82953246627925
4.1841841841841845,41.83382638289453
4.1891891891891895,41.838125021446935
4.1941941941941945,41.84242838056061
4.1991991991991995,41.84673645885876
4.2042042042042045,41.85104925496367
4.2092092092092095,41.855366767496776
4.2142142142142145,41.85968899507852
4.2192192192192195,41.864015936328485
4.2242242242242245,41.86834758986535
4.2292292292292295,41.872683954306886
4.2342342342342345,41.87702502826995
4.2392392392392395,41.88137081037054
4.2442442442442445,41.885721299223725
4.2492492492492495,41.89007649344371
4.2542542542542545,41.894436391643794
4.2592592592592595,41.8988009924364
4.2642642642642645,41.90317029443307
4.2692692692692695,41.907544296244474
4.2742742742742745,41.911922996480406
4.2792792792792795,41.916306393749764
4.2842842842842845,41.92069448666061
4.2892892892892895,41.925087273820104
4.2942942942942945,41.929484753834565
4.2992992992992995,41.93388692530945
4.3043043043043046,41.938293786849336
4.3093093093093096,41.94270533705796
4.314314314314315,41.94712157453822
4.31931931931932,41.95154249789211
4.324324324324325,41.955968105720856
4.32932932932933,41.960398396624754
4.334334334334335,41.96483336920332
4.33933933933934,41.96927302205519
4.344344344344345,41.9737173537782
4.34934934934935,41.97816636296931
4.354354354354355,41.98262004822468
4.35935935935936,41.987078408139624
4.364364364364365,41.99154144130865
4.36936936936937,41.99600914632542
4.374374374374375,42.00048152178278
4.37937937937938,42.00495856627277
4.384384384384385,42.009440278386606
4.38938938938939,42.013926656714695
4.394394394394395,42.01841769984662
4.3993993993994,42.022913406371195
4.404404404404405,42.02741377487638
4.40940940940941,42.03191880394937
4.414414414414415,42.03642849217655
4.41941941941942,42.04094283814349
4.424424424424425,42.045461840396335
4.42942942942943,42.04998549741658
4.434434434434435,42.054513807776516
4.43943943943944,42.059046770052525
4.444444444444445,42.06358438282005
4.44944944944945,42.068126644653695
4.454454454454455,42.07267355412715
4.45945945945946,42.07722510981323
4.464464464464465,42.081781310283844
4.46946946946947,42.08634215411006
4.474474474474475,42.09090763986205
4.47947947947948,42.095477766109084
4.484484484484485,42.10005253141958
4.48948948948949,42.104631934361095
4.494494494494495,42.10921597350028
4.4994994994995,42.11380464740294
4.504504504504505,42.11839795463401
4.50950950950951,42.12299589375756
4.514514514514515,42.1275984633368
4.51951951951952,42.13220566193406
4.524524524524525,42.13681748811082
4.52952952952953,42.141433940427724
4.534534534534535,42.14605501744452
4.53953953953954,42.15068071772013
4.544544544544545,42.155311039812624
4.54954954954955,42.15994598227921
4.554554554554555,42.16458554367626
4.55955955955956,42.16922972255928
4.564564564564565,42.17387851748296
4.56956956956957,42.17853192700112
4.574574574574575,42.183189949666776
4.57957957957958,42.18785258403207
4.584584584584585,42.19251982864832
4.58958958958959,42.19719168206603
4.594594594594595,42.20186814283483
4.5995995995996,42.20654920950356
4.604604604604605,42.2112348806202
4.60960960960961,42.215925154731934
4.614614614614615,42.2206200303851
4.61961961961962,42.22531950612523
4.624624624624625,42.23002358049702
4.62962962962963,42.23473225204434
4.634634634634635,42.23944551931029
4.63963963963964,42.24416338083709
4.644644644644645,42.2488858351662
4.64964964964965,42.25361288083825
4.654654654654655,42.25834451639304
4.65965965965966,42.26308074036962
4.664664664664665,42.26782155130618
4.66966966966967,42.27256694774012
4.674674674674675,42.27731692820805
4.67967967967968,42.2820714912458
4.684684684684685,42.28683063538836
4.68968968968969,42.29159435916996
4.694694694694695,42.296362661124014
4.6996996996997,42.301135539783154
4.704704704704705,42.305912993679236
4.70970970970971,42.3106950213433
4.714714714714715,42.31548162130563
4.71971971971972,42.32027279209571
4.724724724724725,42.32506853224225
4.72972972972973,42.32986884027318
4.734734734734735,42.33467371471564
4.73973973973974,42.33948315409604
4.744744744744745,42.344297156939945
4.74974974974975,42.34911572177221
4.754754754754755,42.353938847116886
4.75975975975976,42.35876653149727
4.764764764764765,42.363598773435896
4.76976976976977,42.36843557145453
4.774774774774775,42.373276924074176
4.77977977977978,42.378122829815084
4.784784784784785,42.38297328719674
4.78978978978979,42.38782829473788
4.794794794794795,42.39268785095647
4.7997997997998,42.39755195436975
4.804804804804805,42.402420603494214
4.80980980980981,42.40729379684555
4.814814814814815,42.41217153293878
4.81981981981982,42.417053810288124
4.824824824824825,42.421940627407096
4.82982982982983,42.42683198280845
4.834834834834835,42.4317278750042
4.83983983983984,42.436628302505625
4.844844844844845,42.4415332638233
4.84984984984985,42.44644275746705
4.854854854854855,42.451356781945925
4.85985985985986,42.456275335768325
4.864864864864865,42.46119841744186
4.86986986986987,42.46612602547113
4.874874874874875,42.471058158349734
4.87987987987988,42.47599481458068
4.884884884884885,42.48093599266804
4.88988988988989,42.48588169111511
4.894894894894895,42.49083190842452
4.8998998998999,42.49578664309813
4.904904904904905,42.500745893637095
4.90990990990991,42.50570965854184
4.914914914914915,42.51067793631207
4.91991991991992,42.5156507254468
4.924924924924925,42.52062802444428
4.92992992992993,42.52560983180209
4.934934934934935,42.530596146017075
4.93993993993994,42.53558696558537
4.944944944944945,42.540582289002415
4.94994994994995,42.54558211476295
4.954954954954955,42.55058644136096
4.95995995995996,42.55559526728981
4.964964964964965,42.5606085910421
4.96996996996997,42.565626411109726
4.974974974974975,42.57064872598394
4.97997997997998,42.575675534155266
4.984984984984985,42.58070683411353
4.98998998998999,42.58574262434789
4.994994994994995,42.59078290334677
5.0,42.595827669597966
